{"1_NOR": 0.0, "1_PIA": 0.08400000000000318, "1_VER": 0.3849999999999909, "1_RUS": 0.45000000000000284, "1_TSU": 0.5739999999999981, "1_ALB": 0.6409999999999911, "1_LEC": 0.6589999999999918, "1_HAM": 0.8769999999999953, "1_GAS": 0.8840000000000003, "1_SAI": 0.965999999999994, "2_PIA": 0.0, "2_RUS": 0.08199999999999363, "2_NOR": 0.15200000000000102, "2_VER": 0.17599999999998772, "2_HAM": 0.28600000000000136, "2_LEC": 0.37999999999999545, "2_HAD": 0.4379999999999882, "2_ANT": 0.4619999999999891, "2_TSU": 0.9969999999999999, "2_ALB": 1.0649999999999977, "3_VER": 0.0, "3_NOR": 0.012000000000000455, "3_PIA": 0.04399999999999693, "3_LEC": 0.3160000000000025, "3_RUS": 0.33499999999999375, "3_ANT": 0.5720000000000027, "3_HAD": 0.5859999999999985, "3_HAM": 0.6269999999999953, "3_ALB": 0.6319999999999908, "3_BEA": 0.8840000000000003, "4_PIA": 0.0, "4_RUS": 0.16800000000000637, "4_LEC": 0.3340000000000032, "4_ANT": 0.3719999999999999, "4_GAS": 0.375, "4_NOR": 0.42600000000000193, "4_VER": 0.5820000000000078, "4_SAI": 0.8390000000000128, "4_HAM": 0.9310000000000116, "4_TSU": 1.4620000000000033, "5_VER": 0.0, "5_PIA": 0.010000000000005116, "5_RUS": 0.11299999999999955, "5_LEC": 0.3760000000000048, "5_ANT": 0.5720000000000027, "5_SAI": 0.8700000000000045, "5_HAM": 0.9069999999999965, "5_TSU": 0.9099999999999966, "5_GAS": 1.0730000000000075, "6_VER": 0.0, "6_NOR": 0.06500000000001194, "6_ANT": 0.06700000000000728, "6_PIA": 0.17100000000000648, "6_RUS": 0.1810000000000116, "6_SAI": 0.3650000000000091, "6_ALB": 0.47800000000000864, "6_LEC": 0.5500000000000114, "6_OCO": 0.6200000000000045, "6_TSU": 0.7390000000000043, "7_PIA": 0.0, "7_VER": 0.033999999999991815, "7_RUS": 0.13700000000000045, "7_NOR": 0.2920000000000016, "7_ALO": 0.7609999999999957, "7_SAI": 0.7620000000000005, "7_ALB": 0.8029999999999973, "7_STR": 0.9110000000000014, "7_HAD": 1.0759999999999934, "7_GAS": 1.1170000000000044, "8_NOR": 0.0, "8_LEC": 0.10900000000000887, "8_PIA": 0.17500000000001137, "8_HAM": 0.4280000000000115, "8_VER": 0.7150000000000034, "8_HAD": 0.9690000000000083, "8_ALO": 0.9700000000000131, "8_OCO": 0.9879999999999995, "8_LAW": 1.1750000000000114, "8_ALB": 1.2590000000000003, "9_PIA": 0.0, "9_NOR": 0.20899999999998897, "9_VER": 0.3019999999999925, "9_RUS": 0.3019999999999925, "9_HAM": 0.4989999999999952, "9_ANT": 0.5649999999999977, "9_LEC": 0.5849999999999937, "9_GAS": 0.6529999999999916, "9_HAD": 0.7059999999999889, "9_ALO": 0.7379999999999995, "10_RUS": 0.0, "10_VER": 0.1599999999999966, "10_PIA": 0.22100000000000364, "10_ANT": 0.49200000000000443, "10_HAM": 0.6269999999999953, "10_ALO": 0.6869999999999976, "10_NOR": 0.7259999999999991, "10_LEC": 0.7830000000000013, "10_HAD": 0.9680000000000035, "10_ALB": 1.0079999999999956, "11_NOR": 0.0, "11_LEC": 0.5210000000000079, "11_PIA": 0.5830000000000055, "11_HAM": 0.6109999999999971, "11_RUS": 0.7920000000000087, "11_LAW": 0.9550000000000054, "11_VER": 0.9580000000000055, "11_BOR": 1.1610000000000085, "11_ANT": 1.3049999999999997, "11_GAS": 1.6780000000000044, "12_VER": 0.0, "12_PIA": 0.10300000000000864, "12_NOR": 0.11800000000000921, "12_RUS": 0.13700000000000045, "12_HAM": 0.20300000000000296, "12_LEC": 0.2289999999999992, "12_ANT": 0.4819999999999993, "12_BEA": 0.5790000000000077, "12_ALO": 0.7289999999999992, "12_GAS": 0.8930000000000007, "13_NOR": 0.0, "13_PIA": 0.08500000000000796, "13_LEC": 0.33800000000000807, "13_VER": 0.3410000000000082, "13_ALB": 0.6389999999999958, "13_RUS": 0.6980000000000075, "13_TSU": 0.7220000000000084, "13_HAD": 0.7480000000000047, "13_LAW": 0.7660000000000053, "13_BOR": 1.8250000000000028, "14_LEC": 0.0, "14_PIA": 0.02599999999999625, "14_NOR": 0.04099999999999682, "14_RUS": 0.05299999999999727, "14_ALO": 0.10899999999999466, "14_STR": 0.12600000000000477, "14_BOR": 0.35299999999999443, "14_VER": 0.35599999999999454, "14_LAW": 0.44899999999999807, "14_HAD": 0.5430000000000064, "15_PIA": 0.0, "15_NOR": 0.012000000000000455, "15_VER": 0.262999999999991, "15_HAD": 0.5459999999999923, "15_RUS": 0.5929999999999893, "15_LEC": 0.6779999999999973, "15_HAM": 0.7279999999999944, "15_LAW": 0.8379999999999939, "15_SAI": 0.8429999999999893, "15_ALO": 0.9679999999999893, "16_VER": 0.0, "16_NOR": 0.07699999999999818, "16_PIA": 0.18999999999999773, "16_LEC": 0.2150000000000034, "16_HAM": 0.33199999999999363, "16_RUS": 0.3649999999999949, "16_ANT": 0.40800000000000125, "16_BOR": 0.597999999999999, "16_ALO": 0.632000000000005, "16_TSU": 0.7270000000000039, "17_VER": 0.0, "17_SAI": 0.47799999999999443, "17_LAW": 0.5899999999999892, "17_ANT": 0.5999999999999943, "17_RUS": 0.9529999999999887, "17_TSU": 1.0259999999999962, "17_NOR": 1.1219999999999999, "17_HAD": 1.2549999999999955, "18_RUS": 0.0, "18_VER": 0.18200000000000216, "18_PIA": 0.36599999999999966, "18_ANT": 0.3790000000000049, "18_NOR": 0.42799999999999727, "18_HAM": 0.5300000000000011, "18_LEC": 0.6260000000000048, "18_HAD": 0.6880000000000024, "18_BEA": 0.7099999999999937, "18_ALO": 0.796999999999997, "19_VER": 0.0, "19_NOR": 0.2909999999999968, "19_LEC": 0.29699999999999704, "19_RUS": 0.3159999999999883, "19_HAM": 0.402000000000001, "19_PIA": 0.5739999999999981, "19_ANT": 0.6039999999999992, "19_BEA": 0.6289999999999907, "19_SAI": 0.6400000000000006, "19_ALO": 0.6499999999999915, "20_NOR": 0.0, "20_LEC": 0.26200000000000045, "20_HAM": 0.35200000000000387, "20_RUS": 0.4480000000000075, "20_VER": 0.48399999999999466, "20_ANT": 0.5319999999999965, "20_SAI": 0.5859999999999985, "20_PIA": 0.5880000000000081, "20_HAD": 0.6659999999999968, "20_BEA": 0.8739999999999952, "21_NOR": 0.0, "21_ANT": 0.1740000000000066, "21_LEC": 0.29400000000001114, "21_PIA": 0.375, "21_HAD": 0.4200000000000017, "21_RUS": 0.4309999999999974, "21_LAW": 0.4510000000000076, "21_BEA": 0.4660000000000082, "21_GAS": 0.49099999999999966, "21_HUL": 0.5280000000000058, "22_NOR": 0.0, "22_VER": 0.3230000000000075, "22_SAI": 0.362000000000009, "22_RUS": 0.8689999999999998, "22_PIA": 1.027000000000001, "22_LAW": 1.1280000000000001, "22_ALO": 1.5319999999999965, "22_HAD": 1.6200000000000045, "22_LEC": 1.9380000000000024, "22_GAS": 3.6060000000000088, "23_PIA": 0.0, "23_NOR": 0.10800000000000409, "23_VER": 0.2639999999999958, "23_RUS": 0.2750000000000057, "23_ANT": 0.4590000000000032, "23_HAD": 0.7270000000000039, "23_SAI": 0.9000000000000057, "23_ALO": 1.031000000000006, "23_GAS": 1.0900000000000034, "23_LEC": 1.1740000000000066, "24_VER": 0.0, "24_NOR": 0.20100000000000762, "24_PIA": 0.23000000000000398, "24_RUS": 0.4380000000000024, "24_LEC": 0.5230000000000103, "24_ALO": 0.6950000000000074, "24_BOR": 0.6970000000000027, "24_OCO": 0.7060000000000031, "24_HAD": 0.8650000000000091}