{
  "BaseRate_POD_t25": {
    "return": 3.2714883881278882,
    "final": 427.1488388127888,
    "trades": 38,
    "win_rate": 0.39473684210526316,
    "sharpe": 0.9485517859535068,
    "max_dd": 0.4309147162147147,
    "bootstrap_p": 0.8238,
    "loo_rate": 1.0,
    "top3_conc": 1.4402022894679518
  },
  "BaseRate_POD_t20": {
    "return": 1.9473975557198377,
    "final": 294.7397555719838,
    "trades": 63,
    "win_rate": 0.30158730158730157,
    "sharpe": 0.6963568435436744,
    "max_dd": 0.530218825000277,
    "bootstrap_p": 0.7364,
    "loo_rate": 1.0,
    "top3_conc": 2.041860985287511
  },
  "BuyUnderdog_P46_t20": {
    "return": 1.1417354597495861,
    "final": 214.1735459749586,
    "trades": 9,
    "win_rate": 0.3333333333333333,
    "sharpe": 1.8283647611286638,
    "max_dd": 0.12194891423281333,
    "bootstrap_p": 0.8526,
    "loo_rate": 1.0,
    "top3_conc": 1.463336857318535
  },
  "FP3Improve_POD_3": {
    "return": 1.0971494598530835,
    "final": 209.71494598530836,
    "trades": 26,
    "win_rate": 0.15384615384615385,
    "sharpe": 1.3137178603632211,
    "max_dd": 0.3081374987180229,
    "bootstrap_p": 0.8412,
    "loo_rate": 1.0,
    "top3_conc": 1.6332215955372635
  },
  "Hybrid_ml30_POD_t25": {
    "return": 1.620593340474942,
    "final": 262.0593340474942,
    "trades": 27,
    "win_rate": 0.3333333333333333,
    "sharpe": 1.481453396024848,
    "max_dd": 0.5633291060491387,
    "bootstrap_p": 0.8994,
    "loo_rate": 1.0,
    "top3_conc": 1.2056283215483423
  },
  "POD_YES_only_t20": {
    "return": 2.240047447194063,
    "final": 324.0047447194063,
    "trades": 11,
    "win_rate": 0.36363636363636365,
    "sharpe": 3.457174315736811,
    "max_dd": 0.1929843816602093,
    "bootstrap_p": 0.9854,
    "loo_rate": 1.0,
    "top3_conc": 1.0019393408286708
  }
}